{"errors":[],"warnings":[],"namedChunkGroups":{"app":{"chunks":[19,6],"assets":["webpack-runtime-137fdf8c69c19302605f.js","app-581af10b883e9119e7d8.js"],"children":{},"childAssets":{}},"component---src-templates-blog-post-js":{"chunks":[0,1,17],"assets":["0-c7ec30a16ef60281b4a2.js","1.01cb8e0a95e8a541640e.css","1-c47cc6a203587b9e2454.js","component---src-templates-blog-post-js-135b9225661d3d6649ee.js"],"children":{},"childAssets":{}},"component---src-pages-404-js":{"chunks":[7],"assets":["component---src-pages-404-js-bb59e04dfb046b1c510c.js"],"children":{},"childAssets":{}},"component---src-pages-about-en-js":{"chunks":[0,2,1,4,8],"assets":["0-c7ec30a16ef60281b4a2.js","2-044a1054d937e878e087.js","1.01cb8e0a95e8a541640e.css","1-c47cc6a203587b9e2454.js","4-ed9cf6045bae9732d060.js","component---src-pages-about-en-js-bf1774c3d3ac5b0e8758.js"],"children":{},"childAssets":{}},"component---src-pages-about-zh-js":{"chunks":[0,2,1,4,9],"assets":["0-c7ec30a16ef60281b4a2.js","2-044a1054d937e878e087.js","1.01cb8e0a95e8a541640e.css","1-c47cc6a203587b9e2454.js","4-ed9cf6045bae9732d060.js","component---src-pages-about-zh-js-9881720de5ee469da90a.js"],"children":{},"childAssets":{}},"component---src-pages-index-en-js":{"chunks":[0,3,5,1,10],"assets":["0-c7ec30a16ef60281b4a2.js","3-6b76edb043d01fe46c25.js","5.5664621648417811f5c9.css","5-59e4818ce83e60de156f.js","1.01cb8e0a95e8a541640e.css","1-c47cc6a203587b9e2454.js","component---src-pages-index-en-js-09b87f3eadb83fd553fa.js"],"children":{},"childAssets":{}},"component---src-pages-index-zh-js":{"chunks":[0,2,5,1,11],"assets":["0-c7ec30a16ef60281b4a2.js","2-044a1054d937e878e087.js","5.5664621648417811f5c9.css","5-59e4818ce83e60de156f.js","1.01cb8e0a95e8a541640e.css","1-c47cc6a203587b9e2454.js","component---src-pages-index-zh-js-0556bf1fd7dcd755246b.js"],"children":{},"childAssets":{}},"component---src-pages-my-files-js":{"chunks":[0,3,1,12],"assets":["0-c7ec30a16ef60281b4a2.js","3-6b76edb043d01fe46c25.js","1.01cb8e0a95e8a541640e.css","1-c47cc6a203587b9e2454.js","component---src-pages-my-files-js-a37a4f35eb6e513f6e67.js"],"children":{},"childAssets":{}},"component---src-pages-news-en-js":{"chunks":[0,3,1,13],"assets":["0-c7ec30a16ef60281b4a2.js","3-6b76edb043d01fe46c25.js","1.01cb8e0a95e8a541640e.css","1-c47cc6a203587b9e2454.js","component---src-pages-news-en-js-8ea26911b1fceb7b41eb.js"],"children":{},"childAssets":{}},"component---src-pages-news-zh-js":{"chunks":[0,2,1,14],"assets":["0-c7ec30a16ef60281b4a2.js","2-044a1054d937e878e087.js","1.01cb8e0a95e8a541640e.css","1-c47cc6a203587b9e2454.js","component---src-pages-news-zh-js-bf3a250b2b09dd7d6071.js"],"children":{},"childAssets":{}},"component---src-pages-page-2-en-js":{"chunks":[0,3,1,15],"assets":["0-c7ec30a16ef60281b4a2.js","3-6b76edb043d01fe46c25.js","1.01cb8e0a95e8a541640e.css","1-c47cc6a203587b9e2454.js","component---src-pages-page-2-en-js-e2539b3cd64dfd53cef8.js"],"children":{},"childAssets":{}},"component---src-pages-page-2-zh-js":{"chunks":[0,2,1,16],"assets":["0-c7ec30a16ef60281b4a2.js","2-044a1054d937e878e087.js","1.01cb8e0a95e8a541640e.css","1-c47cc6a203587b9e2454.js","component---src-pages-page-2-zh-js-c681bbd7e17149654204.js"],"children":{},"childAssets":{}},"pages-manifest":{"chunks":[18],"assets":["pages-manifest-9cc3c6a5c5a5a10a2524.js"],"children":{},"childAssets":{}}},"assetsByChunkName":{"app":["webpack-runtime-137fdf8c69c19302605f.js","app-581af10b883e9119e7d8.js"],"component---src-templates-blog-post-js":["0-c7ec30a16ef60281b4a2.js","1.01cb8e0a95e8a541640e.css","1-c47cc6a203587b9e2454.js","component---src-templates-blog-post-js-135b9225661d3d6649ee.js"],"component---src-pages-404-js":["component---src-pages-404-js-bb59e04dfb046b1c510c.js"],"component---src-pages-about-en-js":["0-c7ec30a16ef60281b4a2.js","2-044a1054d937e878e087.js","1.01cb8e0a95e8a541640e.css","1-c47cc6a203587b9e2454.js","4-ed9cf6045bae9732d060.js","component---src-pages-about-en-js-bf1774c3d3ac5b0e8758.js"],"component---src-pages-about-zh-js":["0-c7ec30a16ef60281b4a2.js","2-044a1054d937e878e087.js","1.01cb8e0a95e8a541640e.css","1-c47cc6a203587b9e2454.js","4-ed9cf6045bae9732d060.js","component---src-pages-about-zh-js-9881720de5ee469da90a.js"],"component---src-pages-index-en-js":["0-c7ec30a16ef60281b4a2.js","3-6b76edb043d01fe46c25.js","5.5664621648417811f5c9.css","5-59e4818ce83e60de156f.js","1.01cb8e0a95e8a541640e.css","1-c47cc6a203587b9e2454.js","component---src-pages-index-en-js-09b87f3eadb83fd553fa.js"],"component---src-pages-index-zh-js":["0-c7ec30a16ef60281b4a2.js","2-044a1054d937e878e087.js","5.5664621648417811f5c9.css","5-59e4818ce83e60de156f.js","1.01cb8e0a95e8a541640e.css","1-c47cc6a203587b9e2454.js","component---src-pages-index-zh-js-0556bf1fd7dcd755246b.js"],"component---src-pages-my-files-js":["0-c7ec30a16ef60281b4a2.js","3-6b76edb043d01fe46c25.js","1.01cb8e0a95e8a541640e.css","1-c47cc6a203587b9e2454.js","component---src-pages-my-files-js-a37a4f35eb6e513f6e67.js"],"component---src-pages-news-en-js":["0-c7ec30a16ef60281b4a2.js","3-6b76edb043d01fe46c25.js","1.01cb8e0a95e8a541640e.css","1-c47cc6a203587b9e2454.js","component---src-pages-news-en-js-8ea26911b1fceb7b41eb.js"],"component---src-pages-news-zh-js":["0-c7ec30a16ef60281b4a2.js","2-044a1054d937e878e087.js","1.01cb8e0a95e8a541640e.css","1-c47cc6a203587b9e2454.js","component---src-pages-news-zh-js-bf3a250b2b09dd7d6071.js"],"component---src-pages-page-2-en-js":["0-c7ec30a16ef60281b4a2.js","3-6b76edb043d01fe46c25.js","1.01cb8e0a95e8a541640e.css","1-c47cc6a203587b9e2454.js","component---src-pages-page-2-en-js-e2539b3cd64dfd53cef8.js"],"component---src-pages-page-2-zh-js":["0-c7ec30a16ef60281b4a2.js","2-044a1054d937e878e087.js","1.01cb8e0a95e8a541640e.css","1-c47cc6a203587b9e2454.js","component---src-pages-page-2-zh-js-c681bbd7e17149654204.js"],"pages-manifest":["pages-manifest-9cc3c6a5c5a5a10a2524.js"]}}