{"errors":[],"warnings":[],"namedChunkGroups":{"app":{"chunks":[18,5],"assets":["webpack-runtime-43a3f3d3cead98a827dc.js","webpack-runtime-43a3f3d3cead98a827dc.js.map","app-f98e9173f1a76b8f9a2f.js","app-f98e9173f1a76b8f9a2f.js.map"],"children":{},"childAssets":{}},"component---src-templates-blog-post-js":{"chunks":[0,1,16],"assets":["0-d799d2baf5f54aebb920.js","0-d799d2baf5f54aebb920.js.map","1.cd0f3fcb314e00ad3c0d.css","1-97f4b22a5cc925e68c41.js","1-97f4b22a5cc925e68c41.js.map","component---src-templates-blog-post-js-60ab7688376e3011ea0e.js","component---src-templates-blog-post-js-60ab7688376e3011ea0e.js.map"],"children":{},"childAssets":{}},"component---src-pages-404-js":{"chunks":[6],"assets":["component---src-pages-404-js-8c233968f64ff9b29082.js","component---src-pages-404-js-8c233968f64ff9b29082.js.map"],"children":{},"childAssets":{}},"component---src-pages-about-en-js":{"chunks":[0,2,1,7],"assets":["0-d799d2baf5f54aebb920.js","0-d799d2baf5f54aebb920.js.map","2-10307509089eb36f125a.js","2-10307509089eb36f125a.js.map","1.cd0f3fcb314e00ad3c0d.css","1-97f4b22a5cc925e68c41.js","1-97f4b22a5cc925e68c41.js.map","component---src-pages-about-en-js-2d3b46ee32cd2e7a18fa.js","component---src-pages-about-en-js-2d3b46ee32cd2e7a18fa.js.map"],"children":{},"childAssets":{}},"component---src-pages-about-zh-js":{"chunks":[0,3,1,8],"assets":["0-d799d2baf5f54aebb920.js","0-d799d2baf5f54aebb920.js.map","3-419eab2af473b9aa6e4c.js","3-419eab2af473b9aa6e4c.js.map","1.cd0f3fcb314e00ad3c0d.css","1-97f4b22a5cc925e68c41.js","1-97f4b22a5cc925e68c41.js.map","component---src-pages-about-zh-js-db7db1f820f917a36e17.js","component---src-pages-about-zh-js-db7db1f820f917a36e17.js.map"],"children":{},"childAssets":{}},"component---src-pages-index-en-js":{"chunks":[0,2,4,1,9],"assets":["0-d799d2baf5f54aebb920.js","0-d799d2baf5f54aebb920.js.map","2-10307509089eb36f125a.js","2-10307509089eb36f125a.js.map","4.5664621648417811f5c9.css","4-f9281d6266fe660d7d1b.js","4-f9281d6266fe660d7d1b.js.map","1.cd0f3fcb314e00ad3c0d.css","1-97f4b22a5cc925e68c41.js","1-97f4b22a5cc925e68c41.js.map","component---src-pages-index-en-js-bd6ab79d9a7d1cd35172.js","component---src-pages-index-en-js-bd6ab79d9a7d1cd35172.js.map"],"children":{},"childAssets":{}},"component---src-pages-index-zh-js":{"chunks":[0,3,4,1,10],"assets":["0-d799d2baf5f54aebb920.js","0-d799d2baf5f54aebb920.js.map","3-419eab2af473b9aa6e4c.js","3-419eab2af473b9aa6e4c.js.map","4.5664621648417811f5c9.css","4-f9281d6266fe660d7d1b.js","4-f9281d6266fe660d7d1b.js.map","1.cd0f3fcb314e00ad3c0d.css","1-97f4b22a5cc925e68c41.js","1-97f4b22a5cc925e68c41.js.map","component---src-pages-index-zh-js-c2afcd9be86bd96203a2.js","component---src-pages-index-zh-js-c2afcd9be86bd96203a2.js.map"],"children":{},"childAssets":{}},"component---src-pages-my-files-js":{"chunks":[0,2,1,11],"assets":["0-d799d2baf5f54aebb920.js","0-d799d2baf5f54aebb920.js.map","2-10307509089eb36f125a.js","2-10307509089eb36f125a.js.map","1.cd0f3fcb314e00ad3c0d.css","1-97f4b22a5cc925e68c41.js","1-97f4b22a5cc925e68c41.js.map","component---src-pages-my-files-js-39aed9ab3212c5ea6fad.js","component---src-pages-my-files-js-39aed9ab3212c5ea6fad.js.map"],"children":{},"childAssets":{}},"component---src-pages-news-en-js":{"chunks":[0,2,1,12],"assets":["0-d799d2baf5f54aebb920.js","0-d799d2baf5f54aebb920.js.map","2-10307509089eb36f125a.js","2-10307509089eb36f125a.js.map","1.cd0f3fcb314e00ad3c0d.css","1-97f4b22a5cc925e68c41.js","1-97f4b22a5cc925e68c41.js.map","component---src-pages-news-en-js-0c57fdf89ace77c18022.js","component---src-pages-news-en-js-0c57fdf89ace77c18022.js.map"],"children":{},"childAssets":{}},"component---src-pages-news-zh-js":{"chunks":[0,3,1,13],"assets":["0-d799d2baf5f54aebb920.js","0-d799d2baf5f54aebb920.js.map","3-419eab2af473b9aa6e4c.js","3-419eab2af473b9aa6e4c.js.map","1.cd0f3fcb314e00ad3c0d.css","1-97f4b22a5cc925e68c41.js","1-97f4b22a5cc925e68c41.js.map","component---src-pages-news-zh-js-d1795ca47b86a869662f.js","component---src-pages-news-zh-js-d1795ca47b86a869662f.js.map"],"children":{},"childAssets":{}},"component---src-pages-page-2-en-js":{"chunks":[0,2,1,14],"assets":["0-d799d2baf5f54aebb920.js","0-d799d2baf5f54aebb920.js.map","2-10307509089eb36f125a.js","2-10307509089eb36f125a.js.map","1.cd0f3fcb314e00ad3c0d.css","1-97f4b22a5cc925e68c41.js","1-97f4b22a5cc925e68c41.js.map","component---src-pages-page-2-en-js-cc7de7d0039640937a80.js","component---src-pages-page-2-en-js-cc7de7d0039640937a80.js.map"],"children":{},"childAssets":{}},"component---src-pages-page-2-zh-js":{"chunks":[0,3,1,15],"assets":["0-d799d2baf5f54aebb920.js","0-d799d2baf5f54aebb920.js.map","3-419eab2af473b9aa6e4c.js","3-419eab2af473b9aa6e4c.js.map","1.cd0f3fcb314e00ad3c0d.css","1-97f4b22a5cc925e68c41.js","1-97f4b22a5cc925e68c41.js.map","component---src-pages-page-2-zh-js-b0ec9bf0602de29ec4f1.js","component---src-pages-page-2-zh-js-b0ec9bf0602de29ec4f1.js.map"],"children":{},"childAssets":{}},"pages-manifest":{"chunks":[17],"assets":["pages-manifest-b5fabc034bbdfa9e2874.js","pages-manifest-b5fabc034bbdfa9e2874.js.map"],"children":{},"childAssets":{}}},"assetsByChunkName":{"app":["webpack-runtime-43a3f3d3cead98a827dc.js","app-f98e9173f1a76b8f9a2f.js"],"component---src-templates-blog-post-js":["0-d799d2baf5f54aebb920.js","1.cd0f3fcb314e00ad3c0d.css","1-97f4b22a5cc925e68c41.js","component---src-templates-blog-post-js-60ab7688376e3011ea0e.js"],"component---src-pages-404-js":["component---src-pages-404-js-8c233968f64ff9b29082.js"],"component---src-pages-about-en-js":["0-d799d2baf5f54aebb920.js","2-10307509089eb36f125a.js","1.cd0f3fcb314e00ad3c0d.css","1-97f4b22a5cc925e68c41.js","component---src-pages-about-en-js-2d3b46ee32cd2e7a18fa.js"],"component---src-pages-about-zh-js":["0-d799d2baf5f54aebb920.js","3-419eab2af473b9aa6e4c.js","1.cd0f3fcb314e00ad3c0d.css","1-97f4b22a5cc925e68c41.js","component---src-pages-about-zh-js-db7db1f820f917a36e17.js"],"component---src-pages-index-en-js":["0-d799d2baf5f54aebb920.js","2-10307509089eb36f125a.js","4.5664621648417811f5c9.css","4-f9281d6266fe660d7d1b.js","1.cd0f3fcb314e00ad3c0d.css","1-97f4b22a5cc925e68c41.js","component---src-pages-index-en-js-bd6ab79d9a7d1cd35172.js"],"component---src-pages-index-zh-js":["0-d799d2baf5f54aebb920.js","3-419eab2af473b9aa6e4c.js","4.5664621648417811f5c9.css","4-f9281d6266fe660d7d1b.js","1.cd0f3fcb314e00ad3c0d.css","1-97f4b22a5cc925e68c41.js","component---src-pages-index-zh-js-c2afcd9be86bd96203a2.js"],"component---src-pages-my-files-js":["0-d799d2baf5f54aebb920.js","2-10307509089eb36f125a.js","1.cd0f3fcb314e00ad3c0d.css","1-97f4b22a5cc925e68c41.js","component---src-pages-my-files-js-39aed9ab3212c5ea6fad.js"],"component---src-pages-news-en-js":["0-d799d2baf5f54aebb920.js","2-10307509089eb36f125a.js","1.cd0f3fcb314e00ad3c0d.css","1-97f4b22a5cc925e68c41.js","component---src-pages-news-en-js-0c57fdf89ace77c18022.js"],"component---src-pages-news-zh-js":["0-d799d2baf5f54aebb920.js","3-419eab2af473b9aa6e4c.js","1.cd0f3fcb314e00ad3c0d.css","1-97f4b22a5cc925e68c41.js","component---src-pages-news-zh-js-d1795ca47b86a869662f.js"],"component---src-pages-page-2-en-js":["0-d799d2baf5f54aebb920.js","2-10307509089eb36f125a.js","1.cd0f3fcb314e00ad3c0d.css","1-97f4b22a5cc925e68c41.js","component---src-pages-page-2-en-js-cc7de7d0039640937a80.js"],"component---src-pages-page-2-zh-js":["0-d799d2baf5f54aebb920.js","3-419eab2af473b9aa6e4c.js","1.cd0f3fcb314e00ad3c0d.css","1-97f4b22a5cc925e68c41.js","component---src-pages-page-2-zh-js-b0ec9bf0602de29ec4f1.js"],"pages-manifest":["pages-manifest-b5fabc034bbdfa9e2874.js"]}}