{"errors":[],"warnings":[],"namedChunkGroups":{"app":{"chunks":[19,6],"assets":["webpack-runtime-21e0b99f45c4dee8987b.js","app-581af10b883e9119e7d8.js"],"children":{},"childAssets":{}},"component---src-templates-blog-post-js":{"chunks":[0,1,17],"assets":["0-8abaccc7d84298dffa6a.js","1.52b01289f1ed4304c987.css","1-c1006cb2131f494f47f2.js","component---src-templates-blog-post-js-135b9225661d3d6649ee.js"],"children":{},"childAssets":{}},"component---src-pages-404-js":{"chunks":[7],"assets":["component---src-pages-404-js-bb59e04dfb046b1c510c.js"],"children":{},"childAssets":{}},"component---src-pages-about-en-js":{"chunks":[0,2,1,4,8],"assets":["0-8abaccc7d84298dffa6a.js","2-b87763483cd6c2f2ac23.js","1.52b01289f1ed4304c987.css","1-c1006cb2131f494f47f2.js","4-8b04a98d2beb79eb71ed.js","component---src-pages-about-en-js-2966287045965acf670f.js"],"children":{},"childAssets":{}},"component---src-pages-about-zh-js":{"chunks":[0,2,1,4,9],"assets":["0-8abaccc7d84298dffa6a.js","2-b87763483cd6c2f2ac23.js","1.52b01289f1ed4304c987.css","1-c1006cb2131f494f47f2.js","4-8b04a98d2beb79eb71ed.js","component---src-pages-about-zh-js-2a570ac59ada590f0790.js"],"children":{},"childAssets":{}},"component---src-pages-index-en-js":{"chunks":[0,3,5,1,10],"assets":["0-8abaccc7d84298dffa6a.js","3-2a55c9d9b6474cbdd8a9.js","5.5664621648417811f5c9.css","5-3d45445d5150ecb02b4d.js","1.52b01289f1ed4304c987.css","1-c1006cb2131f494f47f2.js","component---src-pages-index-en-js-ff95e334745f80b3affa.js"],"children":{},"childAssets":{}},"component---src-pages-index-zh-js":{"chunks":[0,2,5,1,11],"assets":["0-8abaccc7d84298dffa6a.js","2-b87763483cd6c2f2ac23.js","5.5664621648417811f5c9.css","5-3d45445d5150ecb02b4d.js","1.52b01289f1ed4304c987.css","1-c1006cb2131f494f47f2.js","component---src-pages-index-zh-js-9edbd8c591efe5272224.js"],"children":{},"childAssets":{}},"component---src-pages-my-files-js":{"chunks":[0,3,1,12],"assets":["0-8abaccc7d84298dffa6a.js","3-2a55c9d9b6474cbdd8a9.js","1.52b01289f1ed4304c987.css","1-c1006cb2131f494f47f2.js","component---src-pages-my-files-js-c284b49030e61e1535c0.js"],"children":{},"childAssets":{}},"component---src-pages-news-en-js":{"chunks":[0,3,1,13],"assets":["0-8abaccc7d84298dffa6a.js","3-2a55c9d9b6474cbdd8a9.js","1.52b01289f1ed4304c987.css","1-c1006cb2131f494f47f2.js","component---src-pages-news-en-js-74aca32cfd7cc04ff1b2.js"],"children":{},"childAssets":{}},"component---src-pages-news-zh-js":{"chunks":[0,2,1,14],"assets":["0-8abaccc7d84298dffa6a.js","2-b87763483cd6c2f2ac23.js","1.52b01289f1ed4304c987.css","1-c1006cb2131f494f47f2.js","component---src-pages-news-zh-js-0a3519e3bedf19aacb15.js"],"children":{},"childAssets":{}},"component---src-pages-page-2-en-js":{"chunks":[0,3,1,15],"assets":["0-8abaccc7d84298dffa6a.js","3-2a55c9d9b6474cbdd8a9.js","1.52b01289f1ed4304c987.css","1-c1006cb2131f494f47f2.js","component---src-pages-page-2-en-js-71accb2a82a7bfe0e1b9.js"],"children":{},"childAssets":{}},"component---src-pages-page-2-zh-js":{"chunks":[0,2,1,16],"assets":["0-8abaccc7d84298dffa6a.js","2-b87763483cd6c2f2ac23.js","1.52b01289f1ed4304c987.css","1-c1006cb2131f494f47f2.js","component---src-pages-page-2-zh-js-8cf952c33de1f8166fa6.js"],"children":{},"childAssets":{}},"pages-manifest":{"chunks":[18],"assets":["pages-manifest-6b41f482f01d36338d0b.js"],"children":{},"childAssets":{}}},"assetsByChunkName":{"app":["webpack-runtime-21e0b99f45c4dee8987b.js","app-581af10b883e9119e7d8.js"],"component---src-templates-blog-post-js":["0-8abaccc7d84298dffa6a.js","1.52b01289f1ed4304c987.css","1-c1006cb2131f494f47f2.js","component---src-templates-blog-post-js-135b9225661d3d6649ee.js"],"component---src-pages-404-js":["component---src-pages-404-js-bb59e04dfb046b1c510c.js"],"component---src-pages-about-en-js":["0-8abaccc7d84298dffa6a.js","2-b87763483cd6c2f2ac23.js","1.52b01289f1ed4304c987.css","1-c1006cb2131f494f47f2.js","4-8b04a98d2beb79eb71ed.js","component---src-pages-about-en-js-2966287045965acf670f.js"],"component---src-pages-about-zh-js":["0-8abaccc7d84298dffa6a.js","2-b87763483cd6c2f2ac23.js","1.52b01289f1ed4304c987.css","1-c1006cb2131f494f47f2.js","4-8b04a98d2beb79eb71ed.js","component---src-pages-about-zh-js-2a570ac59ada590f0790.js"],"component---src-pages-index-en-js":["0-8abaccc7d84298dffa6a.js","3-2a55c9d9b6474cbdd8a9.js","5.5664621648417811f5c9.css","5-3d45445d5150ecb02b4d.js","1.52b01289f1ed4304c987.css","1-c1006cb2131f494f47f2.js","component---src-pages-index-en-js-ff95e334745f80b3affa.js"],"component---src-pages-index-zh-js":["0-8abaccc7d84298dffa6a.js","2-b87763483cd6c2f2ac23.js","5.5664621648417811f5c9.css","5-3d45445d5150ecb02b4d.js","1.52b01289f1ed4304c987.css","1-c1006cb2131f494f47f2.js","component---src-pages-index-zh-js-9edbd8c591efe5272224.js"],"component---src-pages-my-files-js":["0-8abaccc7d84298dffa6a.js","3-2a55c9d9b6474cbdd8a9.js","1.52b01289f1ed4304c987.css","1-c1006cb2131f494f47f2.js","component---src-pages-my-files-js-c284b49030e61e1535c0.js"],"component---src-pages-news-en-js":["0-8abaccc7d84298dffa6a.js","3-2a55c9d9b6474cbdd8a9.js","1.52b01289f1ed4304c987.css","1-c1006cb2131f494f47f2.js","component---src-pages-news-en-js-74aca32cfd7cc04ff1b2.js"],"component---src-pages-news-zh-js":["0-8abaccc7d84298dffa6a.js","2-b87763483cd6c2f2ac23.js","1.52b01289f1ed4304c987.css","1-c1006cb2131f494f47f2.js","component---src-pages-news-zh-js-0a3519e3bedf19aacb15.js"],"component---src-pages-page-2-en-js":["0-8abaccc7d84298dffa6a.js","3-2a55c9d9b6474cbdd8a9.js","1.52b01289f1ed4304c987.css","1-c1006cb2131f494f47f2.js","component---src-pages-page-2-en-js-71accb2a82a7bfe0e1b9.js"],"component---src-pages-page-2-zh-js":["0-8abaccc7d84298dffa6a.js","2-b87763483cd6c2f2ac23.js","1.52b01289f1ed4304c987.css","1-c1006cb2131f494f47f2.js","component---src-pages-page-2-zh-js-8cf952c33de1f8166fa6.js"],"pages-manifest":["pages-manifest-6b41f482f01d36338d0b.js"]}}