{"errors":[],"warnings":[],"namedChunkGroups":{"app":{"chunks":[14,5],"assets":["webpack-runtime-b59474a64e56c72cb57d.js","webpack-runtime-b59474a64e56c72cb57d.js.map","app-8974d549c7f0e6f0e9b7.js","app-8974d549c7f0e6f0e9b7.js.map"],"children":{},"childAssets":{}},"component---src-templates-blog-post-js":{"chunks":[0,1,12],"assets":["0-571857310515948a40cd.js","0-571857310515948a40cd.js.map","1.4768fe16365a8fff347d.css","1-8f68591d20a78a6086cb.js","1-8f68591d20a78a6086cb.js.map","component---src-templates-blog-post-js-ef25a9e0d1f6876eb70a.js","component---src-templates-blog-post-js-ef25a9e0d1f6876eb70a.js.map"],"children":{},"childAssets":{}},"component---src-pages-404-js":{"chunks":[6],"assets":["component---src-pages-404-js-8c233968f64ff9b29082.js","component---src-pages-404-js-8c233968f64ff9b29082.js.map"],"children":{},"childAssets":{}},"component---src-pages-index-en-js":{"chunks":[0,2,3,1,7],"assets":["0-571857310515948a40cd.js","0-571857310515948a40cd.js.map","2-7d468d66116bb7cbc602.js","2-7d468d66116bb7cbc602.js.map","3.5664621648417811f5c9.css","3-c4aa1cfbef26ce903e96.js","3-c4aa1cfbef26ce903e96.js.map","1.4768fe16365a8fff347d.css","1-8f68591d20a78a6086cb.js","1-8f68591d20a78a6086cb.js.map","component---src-pages-index-en-js-990a043892efb5ed96d1.js","component---src-pages-index-en-js-990a043892efb5ed96d1.js.map"],"children":{},"childAssets":{}},"component---src-pages-index-zh-js":{"chunks":[0,3,4,1,8],"assets":["0-571857310515948a40cd.js","0-571857310515948a40cd.js.map","3.5664621648417811f5c9.css","3-c4aa1cfbef26ce903e96.js","3-c4aa1cfbef26ce903e96.js.map","4-d5e2eda32e763e1eefd4.js","4-d5e2eda32e763e1eefd4.js.map","1.4768fe16365a8fff347d.css","1-8f68591d20a78a6086cb.js","1-8f68591d20a78a6086cb.js.map","component---src-pages-index-zh-js-2001afd4406cf6b1bb1d.js","component---src-pages-index-zh-js-2001afd4406cf6b1bb1d.js.map"],"children":{},"childAssets":{}},"component---src-pages-my-files-js":{"chunks":[0,2,1,9],"assets":["0-571857310515948a40cd.js","0-571857310515948a40cd.js.map","2-7d468d66116bb7cbc602.js","2-7d468d66116bb7cbc602.js.map","1.4768fe16365a8fff347d.css","1-8f68591d20a78a6086cb.js","1-8f68591d20a78a6086cb.js.map","component---src-pages-my-files-js-87df2e10fd95d999071c.js","component---src-pages-my-files-js-87df2e10fd95d999071c.js.map"],"children":{},"childAssets":{}},"component---src-pages-page-2-en-js":{"chunks":[0,2,1,10],"assets":["0-571857310515948a40cd.js","0-571857310515948a40cd.js.map","2-7d468d66116bb7cbc602.js","2-7d468d66116bb7cbc602.js.map","1.4768fe16365a8fff347d.css","1-8f68591d20a78a6086cb.js","1-8f68591d20a78a6086cb.js.map","component---src-pages-page-2-en-js-ca4b30cdcdee53cb5b40.js","component---src-pages-page-2-en-js-ca4b30cdcdee53cb5b40.js.map"],"children":{},"childAssets":{}},"component---src-pages-page-2-zh-js":{"chunks":[0,4,1,11],"assets":["0-571857310515948a40cd.js","0-571857310515948a40cd.js.map","4-d5e2eda32e763e1eefd4.js","4-d5e2eda32e763e1eefd4.js.map","1.4768fe16365a8fff347d.css","1-8f68591d20a78a6086cb.js","1-8f68591d20a78a6086cb.js.map","component---src-pages-page-2-zh-js-99d4a71baa2ce11ae2f8.js","component---src-pages-page-2-zh-js-99d4a71baa2ce11ae2f8.js.map"],"children":{},"childAssets":{}},"pages-manifest":{"chunks":[13],"assets":["pages-manifest-85c1a375f5f2780ad286.js","pages-manifest-85c1a375f5f2780ad286.js.map"],"children":{},"childAssets":{}}},"assetsByChunkName":{"app":["webpack-runtime-b59474a64e56c72cb57d.js","app-8974d549c7f0e6f0e9b7.js"],"component---src-templates-blog-post-js":["0-571857310515948a40cd.js","1.4768fe16365a8fff347d.css","1-8f68591d20a78a6086cb.js","component---src-templates-blog-post-js-ef25a9e0d1f6876eb70a.js"],"component---src-pages-404-js":["component---src-pages-404-js-8c233968f64ff9b29082.js"],"component---src-pages-index-en-js":["0-571857310515948a40cd.js","2-7d468d66116bb7cbc602.js","3.5664621648417811f5c9.css","3-c4aa1cfbef26ce903e96.js","1.4768fe16365a8fff347d.css","1-8f68591d20a78a6086cb.js","component---src-pages-index-en-js-990a043892efb5ed96d1.js"],"component---src-pages-index-zh-js":["0-571857310515948a40cd.js","3.5664621648417811f5c9.css","3-c4aa1cfbef26ce903e96.js","4-d5e2eda32e763e1eefd4.js","1.4768fe16365a8fff347d.css","1-8f68591d20a78a6086cb.js","component---src-pages-index-zh-js-2001afd4406cf6b1bb1d.js"],"component---src-pages-my-files-js":["0-571857310515948a40cd.js","2-7d468d66116bb7cbc602.js","1.4768fe16365a8fff347d.css","1-8f68591d20a78a6086cb.js","component---src-pages-my-files-js-87df2e10fd95d999071c.js"],"component---src-pages-page-2-en-js":["0-571857310515948a40cd.js","2-7d468d66116bb7cbc602.js","1.4768fe16365a8fff347d.css","1-8f68591d20a78a6086cb.js","component---src-pages-page-2-en-js-ca4b30cdcdee53cb5b40.js"],"component---src-pages-page-2-zh-js":["0-571857310515948a40cd.js","4-d5e2eda32e763e1eefd4.js","1.4768fe16365a8fff347d.css","1-8f68591d20a78a6086cb.js","component---src-pages-page-2-zh-js-99d4a71baa2ce11ae2f8.js"],"pages-manifest":["pages-manifest-85c1a375f5f2780ad286.js"]}}